Timestamp (s),lon,lat,GSR Value,Distance (cm)
0,0.002410112,51.53040389,207,320.5
3,0.002486266,51.53039644,187,278.18
6,0.00255883,51.53038621,209,238.65
7,0.002629983,51.53037418,196,338.73
8,0.002545867,51.53038376,192,287.8
9,0.002471657,51.5303951,210,199.85
10,0.002392019,51.53040774,221,183.93
11,0.002308284,51.53042354,221,391.03
12,0.002236876,51.53043837,213,370.03
13,0.002163606,51.53045388,201,336.89
14,0.00208984,51.53046981,202,378.05
15,0.002016054,51.53048633,186,271.41
16,0.00194361,51.53050378,210,356.68
17,0.001870018,51.53051999,195,162.07
18,0.001792767,51.53053658,190,320.74
19,0.001718857,51.5305528,237,113.88
20,0.001644824,51.5305692,221,388.94
21,0.001570082,51.53058515,212,201.17
22,0.001494908,51.53059994,208,192.21
23,0.001419537,51.53061184,224,95.43
24,0.001342515,51.53062367,204,345.84
25,0.001261052,51.53063655,197,325.24
26,0.001198483,51.53067098,213,158.89
27,0.001180817,51.530717,213,170.98
28,0.00109763,51.53070847,193,95.2
29,0.001018097,51.53068956,201,362.75
30,0.000930624,51.53069072,189,291.84
31,0.000852332,51.53070065,218,180.2
32,0.000780621,51.53071453,200,362.29
33,0.000709586,51.53072678,219,180.63
34,0.000636476,51.53073741,232,396.76
35,0.000564422,51.53074937,217,177.53
36,0.000491175,51.53076332,210,154.1
37,0.000416366,51.53076704,201,358.97
38,0.000376568,51.53072693,203,399.12
39,0.000354918,51.53067917,193,361.15
40,0.000328918,51.53062697,220,273.51
41,0.000306867,51.53058361,225,381.03
42,0.000279708,51.53054013,189,347.4
43,0.000246936,51.5304959,188,244.59
44,0.000215868,51.53045384,211,205.77
45,0.000180915,51.53040511,221,168.73
46,0.000147453,51.53035524,208,82.84
47,0.000121916,51.53031148,210,321.54
48,9.4467e-05,51.53026763,206,318.55
49,6.224e-05,51.53021939,204,184.76
50,3.3371e-05,51.53017651,204,277.49
51,1.513e-06,51.53012469,202,200.57
52,-3.72E-05,51.53008404,202,273.98
53,-6.79E-05,51.53004077,219,367.23
54,-9.92E-05,51.52999865,188,375.16
55,-0.000128485,51.52994878,225,298.71
56,-0.000147929,51.52990268,225,340.32
57,-0.000175953,51.52985433,213,234.93
58,-0.000197012,51.52980655,206,273.05
59,-0.000174465,51.52976302,191,172.4
60,-0.000125925,51.52972798,188,277.72
61,-8.68E-05,51.52968399,213,350.52
62,-9.08E-05,51.52963774,206,173.96
63,-0.000126154,51.529597,189,318.14
64,-0.000167995,51.5295586,224,299.56
65,-0.000219497,51.52951854,206,276.06
66,-0.000271982,51.52948326,209,270.8
67,-0.000331042,51.52944659,221,255.48
68,-0.000375357,51.52941065,186,374.74
69,-0.000418221,51.5293639,221,271.96
70,-0.000446807,51.52931592,190,279.93
71,-0.000477801,51.52927415,213,260.01
72,-0.000501082,51.52922402,192,131.83
73,-0.000525527,51.52917955,210,106.43
74,-0.000528882,51.52912443,194,151.24
75,-0.000531833,51.52907721,207,346.52
76,-0.000550633,51.52902637,187,161.84
77,-0.000588932,51.52898288,185,158.6
78,-0.000622056,51.52893862,218,290.73
79,-0.000658516,51.52889504,211,286.12
80,-0.000700477,51.52884729,205,390.57
81,-0.000733167,51.52880622,223,306.57
82,-0.000758491,51.52876384,192,105.43
83,-0.00079491,51.52872069,201,210.12
84,-0.000832846,51.52868066,204,211.37
85,-0.000880688,51.52863844,203,200.06
86,-0.000918313,51.52859524,211,191.72
87,-0.000960164,51.52855531,214,185.02
88,-0.001012329,51.52850962,196,161.94
89,-0.001058763,51.52846388,196,275.98
90,-0.001097149,51.52842374,199,168.59
91,-0.00113886,51.52838309,196,337.74
92,-0.001178374,51.52834155,216,238.67
93,-0.001228684,51.52830314,216,214.48
94,-0.001273824,51.52826363,226,381.72
95,-0.001310072,51.5282189,193,396.98
96,-0.001355476,51.52817356,206,262.55
97,-0.001395044,51.52813061,197,71.88
98,-0.001440976,51.52809529,206,366.49
99,-0.001503795,51.52805598,236,165.43
100,-0.001563078,51.52801823,207,329.1
101,-0.001610346,51.52798334,224,316.74
102,-0.0016651,51.52794356,224,269.63
103,-0.001713951,51.52790982,186,260.6
104,-0.001763422,51.52787587,189,235.54
105,-0.001810483,51.52784172,195,327.77
106,-0.001863344,51.52780446,192,210.77
107,-0.001904131,51.52775807,225,205.62
108,-0.001945652,51.52770834,205,365.86
109,-0.001979954,51.52765838,215,220.14
110,-0.002018773,51.52761145,190,274.01
111,-0.002061365,51.5275731,205,376.27
112,-0.002103974,51.52752628,193,325.91
113,-0.002131099,51.52747607,224,227.45
114,-0.002143974,51.52742729,187,392.55
115,-0.002154584,51.52738218,195,320.45
116,-0.002190268,51.52733394,186,344.53
117,-0.002248193,51.52730015,209,78.85
118,-0.002305556,51.52725888,188,387.72
119,-0.002359626,51.52722759,221,223.27
120,-0.002430322,51.5272113,225,321.95
121,-0.002508494,51.52719005,222,290.45
122,-0.002582316,51.52717182,203,103.68
123,-0.002665676,51.52715027,199,333.59
124,-0.002736712,51.52712898,186,349.75
125,-0.002813174,51.52710681,207,268.49
126,-0.002880751,51.52708998,217,363.54
127,-0.002951845,51.52707155,225,308.27
128,-0.003032976,51.52705741,187,268.44
129,-0.003113683,51.52704335,225,260.85
130,-0.003193863,51.52702181,225,384.27
131,-0.003258113,51.52699573,213,343.83
132,-0.003326966,51.52696455,240,262.52
133,-0.003406241,51.52695425,195,347.19
134,-0.003494841,51.52696155,225,352.69
135,-0.00357214,51.52698546,210,290.28
136,-0.003637153,51.52701783,201,290.71
137,-0.003679794,51.52705932,221,346.12
138,-0.003672775,51.52711127,186,386.11
139,-0.003656706,51.52715527,201,332.58
140,-0.003652916,51.52720873,199,267.43
141,-0.003663817,51.5272623,193,390.01
142,-0.003684046,51.52731505,185,339.65
143,-0.003709177,51.52736367,209,311.88
144,-0.003732084,51.52741389,214,272.6
145,-0.003753155,51.52746513,210,350.17
146,-0.00376293,51.52751152,222,297
147,-0.003763437,51.52756353,219,339.31
148,-0.003750023,51.52761377,188,320.21
149,-0.003731073,51.52766073,214,269.73
150,-0.003715232,51.52770511,194,261.06
151,-0.003710832,51.52775033,221,304.63
152,-0.003702382,51.5278009,192,261.61
153,-0.003704873,51.52784666,189,374.31
154,-0.003714382,51.52789266,215,301.06
155,-0.003721239,51.52794695,214,397.12
156,-0.003730331,51.52800271,194,362.5
157,-0.003742379,51.52805919,192,389.18
158,-0.003758383,51.52811071,223,312.09
159,-0.003791444,51.52815371,190,345.75
160,-0.003802363,51.52819844,220,275.77
161,-0.00380079,51.52825217,208,273.64
162,-0.003795824,51.52830524,234,315.94
163,-0.00380452,51.52835342,194,311.59
164,-0.003815125,51.5284037,192,346.66
165,-0.003810905,51.5284539,198,284.3
166,-0.003819111,51.52849986,199,341.53
167,-0.003840158,51.5285434,186,331.69
168,-0.003909914,51.52856272,203,311.39
169,-0.00397632,51.52858266,208,393.58
170,-0.004048192,51.52859133,221,295.09
171,-0.004121851,51.52859278,216,357.92
172,-0.004200179,51.52859493,221,319.11
173,-0.004293523,51.52859753,191,314.75
174,-0.004372467,51.52859923,211,283.01
175,-0.004447936,51.52859921,188,392.48
176,-0.004533441,51.52859693,194,335.98
177,-0.004613081,51.52859064,206,302.51
178,-0.004687567,51.52858157,188,336.23
179,-0.004761769,51.52856906,189,277.61
180,-0.004834966,51.52856382,192,295.26
181,-0.004905823,51.5285533,226,339.53
182,-0.004981487,51.52854027,216,312.59
183,-0.005038264,51.52850527,190,312.77
184,-0.005083178,51.52846839,216,285.03
185,-0.00513519,51.52843466,191,329.43
186,-0.005187778,51.52840161,204,376.38
187,-0.005256928,51.52836698,217,349.63
188,-0.00532428,51.52833642,202,388.21
189,-0.00539331,51.52831844,225,322.7
190,-0.00546798,51.52829851,188,386.27
191,-0.005536735,51.52828119,208,314.69
192,-0.005623949,51.52827668,186,286.49
193,-0.005699608,51.52827,193,126.47
194,-0.00577316,51.52825962,193,336.25
195,-0.005849932,51.52825103,203,339.26
196,-0.005926382,51.52824235,192,386.6
197,-0.006011614,51.52823254,195,357.71
198,-0.006096651,51.52822273,225,324.71
199,-0.006169591,51.52821447,221,364.83
200,-0.00626233,51.52820484,187,290.68
201,-0.006340832,51.52819622,224,311.57
202,-0.006426683,51.52818647,208,258.02
203,-0.006508429,51.5281757,221,286.07
204,-0.006582476,51.52816427,260,376.19
205,-0.006659836,51.52815445,248,318.82
206,-0.006733987,51.52815104,252,381.66
207,-0.006809194,51.52813874,244,300.34
208,-0.006879799,51.52811913,241,293.64
209,-0.006956193,51.52810229,237,278.06
210,-0.006999192,51.5281484,251,355.52
211,-0.006987875,51.52820322,256,385.98
212,-0.006975559,51.52825025,249,355.49
213,-0.006953542,51.52829745,247,355.95
214,-0.006925708,51.52835094,242,329.4
215,-0.006916299,51.52839768,252,354.08
216,-0.006900765,51.52844559,259,381.74
217,-0.006883281,51.52850012,232,276.2
218,-0.006862675,51.52855202,255,373.46
219,-0.006844975,51.52860513,250,367.72
220,-0.006830962,51.52866058,247,332.24
221,-0.006817877,51.52871064,245,323.11
222,-0.006809047,51.52876279,241,325.05
223,-0.00679707,51.52881628,257,387.82
224,-0.006793861,51.52886569,245,294.59
225,-0.006796819,51.52891606,243,330.06
226,-0.006805807,51.52896633,251,372.64
227,-0.006806932,51.52901182,255,378.9
228,-0.006800224,51.52905661,248,329.55
229,-0.006782573,51.52911885,235,283.85
230,-0.006760033,51.52916276,253,344.29
231,-0.00674821,51.52921024,244,317.8
232,-0.006741982,51.52926124,247,327.53
233,-0.006732115,51.52930657,258,379.24
234,-0.006725246,51.52936002,250,341.37
235,-0.006716185,51.52941089,239,291.53
236,-0.006712735,51.52946194,243,332.41
237,-0.006711898,51.52951358,259,397.4
238,-0.006708575,51.52956528,234,270.47
239,-0.006712664,51.52961234,260,392.44
240,-0.006711558,51.52966022,251,350.04
241,-0.006711351,51.52971493,244,305.64
242,-0.006708529,51.52976739,237,284.8
243,-0.006701765,51.52982112,232,262.44
244,-0.006703532,51.52987311,239,309.49
245,-0.006698927,51.52992656,257,399.53
246,-0.006708626,51.52997722,251,374.97
247,-0.006755794,51.53001135,258,370.53
248,-0.00683615,51.53001618,223,186.23
249,-0.006918039,51.53001587,246,303.91
250,-0.007004349,51.53001279,255,396.44
251,-0.00709244,51.5300134,244,338.91
252,-0.007168532,51.53001098,244,330.79
253,-0.007244158,51.53000808,244,309.33
254,-0.007324103,51.53001214,249,338.09
255,-0.007367223,51.5299708,241,313.09
256,-0.007419398,51.52993959,260,376.47
257,-0.007511264,51.52992962,238,262.73
258,-0.007583745,51.52993925,241,285.23
259,-0.007669017,51.52994316,238,297.34
260,-0.007760066,51.52992852,252,348.02
261,-0.007828291,51.52991241,248,328.07
262,-0.00790257,51.52989195,249,327.71
263,-0.007977064,51.52987877,255,372.28
264,-0.008048712,51.52986722,235,272.7
265,-0.008121448,51.52985388,239,309.06
266,-0.008196592,51.52983422,239,279.2
267,-0.008269512,51.52982453,246,338.63
268,-0.00832612,51.52979613,251,333.4
269,-0.00839837,51.52977301,257,394.77
270,-0.008468257,51.5297568,244,305.58
271,-0.008550429,51.52974654,251,345.58
272,-0.008625361,51.52973269,260,376.52
273,-0.008698812,51.52971877,243,290.55
274,-0.008784441,51.5297098,235,283.89
275,-0.008863739,51.52972072,238,278.55
276,-0.008897806,51.52977555,259,386.86
277,-0.008920741,51.52982008,248,339.4
278,-0.008946383,51.52986983,242,321.11
279,-0.008985748,51.52991727,250,357.95
280,-0.009019822,51.5299675,255,376.55
281,-0.009036313,51.53002215,249,319.49
282,-0.009060487,51.53007485,234,272.08
283,-0.009077104,51.53012023,233,273.9
284,-0.009109963,51.53016855,257,366.44
285,-0.009137849,51.53021392,246,302.07
286,-0.009173911,51.53026037,248,317.47
287,-0.009220758,51.53030824,242,313.44
288,-0.009245877,51.53036192,249,335.87
289,-0.009268177,51.53041229,250,358.1
290,-0.009288248,51.530456,247,317.17
291,-0.009302907,51.53051205,237,306.76
292,-0.009322844,51.53055906,236,281.18
293,-0.009330403,51.53060529,249,336.44
294,-0.009346019,51.53065835,241,275.97
295,-0.009347423,51.53071142,240,282.49
296,-0.009326539,51.53076295,238,286.08
297,-0.009316932,51.53081416,241,290.86
298,-0.009316093,51.53087008,253,376.06
299,-0.009320228,51.53091698,238,283.59
300,-0.009319764,51.53096998,250,338.73
301,-0.009327741,51.53102441,247,331.61
302,-0.009336668,51.53107749,251,339.22
303,-0.009372833,51.5311227,253,379.84
304,-0.009400868,51.53117815,237,268.92
305,-0.009415864,51.53123137,254,362.03
306,-0.009406287,51.53128337,251,359.58
307,-0.009384777,51.53132759,246,351.86
308,-0.009381296,51.53137287,252,334.31
309,-0.009384932,51.53142881,246,300.9
310,-0.009369416,51.53147584,255,356.73
311,-0.009340492,51.53151889,242,292.95
312,-0.009322381,51.53156604,243,302.4
313,-0.009284785,51.53161551,242,313.5
314,-0.009236253,51.53166381,247,338.49
315,-0.009190757,51.53170762,241,284.97
316,-0.009143302,51.53175385,229,258.23
317,-0.009123895,51.53179987,235,294.71
318,-0.009138559,51.5318541,252,376.65
319,-0.009156391,51.53190733,237,258.49
320,-0.009164539,51.53195454,249,367.07
321,-0.009155603,51.53200668,235,276.77
322,-0.009187394,51.53205328,246,333.58
323,-0.00921243,51.53209929,259,392.66
324,-0.009273615,51.5321324,255,373.53
325,-0.00935106,51.53212883,251,352.51
326,-0.009428854,51.53212778,249,337.66
327,-0.009490827,51.53208553,260,390.62
328,-0.009543462,51.53204474,243,306.45
329,-0.00961223,51.53199723,245,302.67
330,-0.009679267,51.5319528,256,394.44
331,-0.009736501,51.53191905,260,388.33
332,-0.009794261,51.53189183,249,318.08
333,-0.009847188,51.53186041,254,362.18
334,-0.009903631,51.53181782,238,265.07
335,-0.009940677,51.53177571,254,392.82
336,-0.009978358,51.53173694,245,307.94
337,-0.010057427,51.5317494,247,322.08
338,-0.010100966,51.53178794,240,292.71
339,-0.010182504,51.53181106,255,385.16
340,-0.010261639,51.53182038,253,364.84
341,-0.010338814,51.53179285,236,268.47
342,-0.010401349,51.53175324,234,271.09
343,-0.010461482,51.53171656,249,310.07
344,-0.010514408,51.53168152,241,268.27
345,-0.010580852,51.53165505,260,351.95
346,-0.010656589,51.53164922,260,369.11
347,-0.010723329,51.53168118,258,359.17
348,-0.010771385,51.53171776,260,387.97
349,-0.010824061,51.53175909,197,13.37
350,-0.010854429,51.53180724,241,274.32
351,-0.010892879,51.5318468,248,287.05
352,-0.010934041,51.53188665,260,396.11
353,-0.010985264,51.53193992,245,276.76
354,-0.011018162,51.53198146,243,293.8
355,-0.011042071,51.5320277,253,320.67
356,-0.011082996,51.53207156,260,358.74
357,-0.011112998,51.53211247,249,313.05
358,-0.011141322,51.53215846,258,382.32
359,-0.011179368,51.5321974,242,289.76
360,-0.011209112,51.5322392,260,360.41
361,-0.011251969,51.53227855,247,274.9
362,-0.011292315,51.53232098,252,323.69
363,-0.01133208,51.53235896,243,257.68
364,-0.011391929,51.53240144,260,399.05
365,-0.011441499,51.53244464,259,352.63
366,-0.011472603,51.53248954,250,315.03
367,-0.01150461,51.53254057,241,268.22
368,-0.011553686,51.53257617,237,219.53
369,-0.011612803,51.53262262,241,265.89
370,-0.011663256,51.53265666,252,306.67
371,-0.01170015,51.532704,254,357.52
372,-0.011724661,51.53275669,198,13.09
373,-0.01174035,51.53280382,241,284.59
374,-0.011760039,51.53285082,260,399.25
375,-0.011798977,51.53289499,253,347.16
376,-0.011834394,51.5329373,249,327.99
377,-0.011882411,51.53297389,240,259.05
378,-0.011922364,51.53301215,247,284.93
379,-0.011967456,51.533053,250,341
380,-0.0119988,51.53310461,260,395.63
381,-0.012021377,51.5331509,246,318.96
382,-0.012048911,51.53319394,260,394.28
383,-0.012088384,51.53324201,260,398.11
384,-0.012132741,51.53328177,260,388.78
385,-0.012181959,51.53331656,247,293.64
386,-0.012226652,51.53336475,199,51.26
387,-0.012266471,51.53340232,245,279.02
388,-0.012317329,51.53344926,252,328.22
389,-0.012366642,51.53348636,238,273.74
390,-0.012410988,51.53352403,259,385.16
391,-0.01246181,51.53356772,255,357.01
392,-0.012505533,51.53361505,253,328.3
393,-0.012543129,51.53365465,238,260.72
394,-0.012588866,51.53369793,251,330.17
395,-0.012636719,51.5337324,252,321.75
396,-0.012715646,51.53377008,242,263.42
397,-0.01278958,51.53379124,260,373.66
398,-0.012861128,51.53378311,259,341.5
399,-0.012934436,51.53378156,248,310.62
400,-0.013007263,51.53377737,252,316.43
401,-0.013078917,51.5337561,245,306.22
402,-0.013148241,51.53372721,243,284.47
403,-0.013197792,51.53369253,260,392.65
404,-0.013268377,51.53365956,250,298.61
405,-0.01333778,51.53362197,243,279.32
406,-0.013390947,51.53358887,236,264.15
407,-0.013455814,51.53355093,247,296.7
408,-0.013519514,51.53351798,254,319.54
409,-0.013574442,51.5334876,256,370.53
410,-0.01364085,51.53345034,246,314.37
411,-0.013707388,51.53341366,222,161.73
412,-0.013762449,51.53338303,256,374.21
413,-0.013816536,51.53334778,192,14.31
414,-0.013874449,51.5333143,260,376.25
415,-0.0139393,51.53327532,257,353.67
416,-0.013994832,51.53323813,209,108.41
417,-0.014052633,51.53320147,260,375.19
418,-0.014106599,51.53317143,258,378.39
419,-0.014162769,51.5331361,249,322.82
420,-0.014227586,51.53310347,240,261.93
421,-0.014287055,51.5330731,228,185.25
422,-0.014347173,51.53303486,246,289.04
423,-0.014400689,51.53299362,238,264.94
424,-0.014454299,51.53295704,260,369.73
425,-0.014510577,51.53292481,258,358.45
426,-0.014571267,51.53289546,252,338.82
427,-0.014630622,51.53286821,260,386.25
428,-0.014683835,51.53283718,260,396.86
429,-0.014753138,51.5328028,241,268.95
430,-0.014831553,51.53278237,245,288.24
431,-0.01489884,51.53276321,253,334.49
432,-0.014988288,51.53274771,247,320.57
433,-0.015061835,51.53273687,247,313.84
434,-0.015143093,51.53272712,248,325.43
435,-0.015225599,51.53271283,260,360.45
436,-0.015296948,51.53269956,254,353.24
437,-0.015365227,51.53268166,260,398.59
438,-0.015443077,51.53266057,195,2.67
439,-0.015506998,51.53263674,253,348.11
440,-0.015576799,51.5326055,253,325.34
441,-0.015640887,51.53257499,243,281.62
442,-0.015702285,51.53254197,260,362.5
443,-0.015753699,51.53250517,260,359.59
444,-0.015811623,51.53246819,259,362.74
445,-0.01586248,51.53243194,260,393.12
446,-0.015923252,51.53239126,239,262.67
447,-0.015974702,51.53234801,197,9.49
448,-0.016028405,51.53230827,244,258.56
449,-0.016070777,51.53225911,260,384.53
450,-0.016097833,51.53220705,260,364.78
451,-0.016100071,51.53215846,260,364.11
452,-0.016103814,51.53211321,250,338.04
453,-0.016090252,51.53206188,244,300.64
454,-0.016056263,51.532018,244,293.51
455,-0.016028468,51.53197471,260,357.02
456,-0.015998828,51.53193167,252,344.4
457,-0.015965596,51.53188641,240,278.66
458,-0.01590925,51.53184528,260,375.77
459,-0.015839342,51.5318144,240,283.26
460,-0.01577595,51.53178709,260,384.47
461,-0.015718758,51.53175653,260,378.49
462,-0.01565779,51.53172474,260,341.59
463,-0.015586362,51.53169209,254,357.56
464,-0.015514862,51.53165805,242,287.19
465,-0.015446889,51.53162882,243,301.25
466,-0.015380303,51.53159799,248,309.34
467,-0.015321614,51.53157014,241,289.43
468,-0.015252881,51.53154011,260,385.97
469,-0.015194898,51.53151181,244,257.6
470,-0.015127296,51.53147767,259,352.7
471,-0.015064354,51.53145041,249,303.54
472,-0.014997813,51.53142701,243,262.68
473,-0.014928166,51.53140161,205,65.6
474,-0.014855244,51.53137365,247,302.58
475,-0.014789032,51.53134551,253,347.09
476,-0.014760207,51.5313001,247,325.87
477,-0.014676746,51.53127655,245,304.89
478,-0.014601083,51.53126489,248,313.58
479,-0.014526099,51.53125859,258,344.13
480,-0.014448752,51.53123637,246,293.32
481,-0.014386914,51.53120955,260,380.59
482,-0.014317286,51.53118047,241,259.21
483,-0.014257324,51.53115158,253,319.85
484,-0.014191645,51.53113214,251,311.14
485,-0.014127049,51.53110999,248,301.64
486,-0.014044564,51.53109272,255,334.54
487,-0.013970884,51.53107885,260,391.87
488,-0.013886233,51.53107426,255,322.25
489,-0.01381335,51.53106986,260,388.5
490,-0.013736716,51.53105844,247,324.34
491,-0.013665501,51.53104134,260,398.02
492,-0.013594816,51.53102617,243,302.12
493,-0.013510436,51.53100419,243,258.02
494,-0.013442816,51.53097786,253,310.45
495,-0.013380162,51.53095027,235,259.35
496,-0.013319038,51.53091462,254,352.27
497,-0.013258562,51.53087931,248,305.8
498,-0.013220388,51.53083238,237,269.99
499,-0.013194654,51.53078872,260,380.39
500,-0.013139414,51.53074655,255,349.11
501,-0.013090603,51.53070863,252,330.83
502,-0.013052433,51.53066965,243,300.81
503,-0.012998103,51.53063314,244,277.75
504,-0.012954928,51.53059146,244,289.87
505,-0.012969436,51.53054578,249,310.45
506,-0.012967246,51.53049634,260,350.28
507,-0.01291606,51.53045136,246,317.45
508,-0.012845113,51.53043794,260,399.17
509,-0.012903482,51.53040635,260,343.9
510,-0.012983678,51.53039451,259,367.01
511,-0.013050231,51.53036617,260,383.54
512,-0.013087919,51.53032458,259,351.91
513,-0.01314867,51.53029719,260,350.79
514,-0.013205567,51.53025863,246,295.49
515,-0.013254731,51.53022407,258,340.77
516,-0.013302403,51.53018143,240,282.23
517,-0.013353734,51.53014513,260,377.66
518,-0.013421476,51.53012242,247,290.14
519,-0.013491605,51.53009641,252,302.79
520,-0.01357212,51.53008991,253,323.75
521,-0.013656252,51.53007813,260,375.04
522,-0.013737205,51.53006312,254,361.84
523,-0.013791238,51.53002936,241,267.52
524,-0.013746001,51.52997686,247,289.64
525,-0.01370212,51.52990892,237,266.07
526,-0.013680516,51.52986374,241,275.74
527,-0.013657745,51.52981912,249,316.44
528,-0.013606652,51.52977968,256,366.09
529,-0.013555489,51.52974157,257,378.24
530,-0.013509408,51.5296951,235,258.71
531,-0.013471065,51.5296499,260,369.49
532,-0.013430182,51.529606,260,377.37
533,-0.013401416,51.52955473,260,350.28
534,-0.013349777,51.52951451,236,263.3
535,-0.013298301,51.52947813,260,387.86
536,-0.013243065,51.52944341,258,374.41
537,-0.013194249,51.52940964,260,393.5
538,-0.013126619,51.52936914,236,259.64
539,-0.013072271,51.52933113,254,330.78
540,-0.013006233,51.5292956,258,383.77
541,-0.012949995,51.52926484,257,331.28
542,-0.012904798,51.52922666,244,296.77
543,-0.012851425,51.52918502,257,349.73
544,-0.012800439,51.52914181,260,354.79
545,-0.012749251,51.52910643,260,398.76
546,-0.012694792,51.52906461,260,379.73
547,-0.012648516,51.52902761,245,282.6
548,-0.012587207,51.52898569,249,331.2
549,-0.012536734,51.52893856,245,269.82
550,-0.01249498,51.52889353,260,366.98
551,-0.012454799,51.52884286,260,365.52
552,-0.012402082,51.52881131,243,266.34
553,-0.012357442,51.52876742,244,275.94
554,-0.01229305,51.52873288,245,293.53
555,-0.012242582,51.52870029,249,288.54
556,-0.012188427,51.52866635,244,260.71
557,-0.01212212,51.52863106,260,386.1
558,-0.012069396,51.52859776,244,288.53
559,-0.012004854,51.52856168,245,266.32
560,-0.011952968,51.52852792,258,348.96
561,-0.011904286,51.5284799,249,308.98
562,-0.011855726,51.52843685,252,318.85
563,-0.01180992,51.52839672,260,344.94
564,-0.011761092,51.52835034,248,309.56
565,-0.011712237,51.52830401,253,318.11
566,-0.011665965,51.52826087,247,302.01
567,-0.01162944,51.52821871,260,368.37
568,-0.011576966,51.52818392,243,261.96
569,-0.011534179,51.52814501,260,381.98
570,-0.011495328,51.52810675,244,286.66
571,-0.011450856,51.52806441,260,365.1
572,-0.011396167,51.52802521,250,301.58
573,-0.011345307,51.52798808,242,264.52
574,-0.011290387,51.52794359,239,285.25
575,-0.01124328,51.52790606,243,300.02
576,-0.011206539,51.52786119,257,326.28
577,-0.011153753,51.52781564,238,265.59
578,-0.011100311,51.52777054,260,367.38
579,-0.011072578,51.52772422,254,316.51
580,-0.010998686,51.52773183,244,294.01
581,-0.010926772,51.52775335,255,367.02
582,-0.010856593,51.52777045,251,313.27
583,-0.010794036,51.52779299,244,262.75
584,-0.010738423,51.52782641,249,348.44
585,-0.010691621,51.52786225,256,362.41
586,-0.010634178,51.52788997,247,351.83
587,-0.010547525,51.52789511,244,296.96
588,-0.010474119,51.52790602,247,327.36
589,-0.010409812,51.52793476,251,325.76
590,-0.010356262,51.52797488,260,384.88
591,-0.010288424,51.52801018,260,397.78
592,-0.010227646,51.5280404,247,314.11
593,-0.010166139,51.52806768,255,378.32
594,-0.010094958,51.52808854,247,310.97
595,-0.010033853,51.52811418,245,330.55
596,-0.009955074,51.52809923,235,267.48
597,-0.009895408,51.52806128,242,324.04
598,-0.00982211,51.52803143,258,391.2
599,-0.009750688,51.52800109,258,398.93
600,-0.009674825,51.52797527,245,333.12
601,-0.009607892,51.52794412,253,358.77
602,-0.00954294,51.52791934,237,274.68
603,-0.009487883,51.52788453,251,330.74
604,-0.009431366,51.5278507,247,315.25
605,-0.009366371,51.52782306,250,356.32
606,-0.009297498,51.52779304,259,385.34
607,-0.009236302,51.52776228,244,336.06
608,-0.009165889,51.52772766,251,347.24
609,-0.009101419,51.52769766,245,302.21
610,-0.009042013,51.52767062,244,340.24
611,-0.00898711,51.52763937,241,294.53
612,-0.008920462,51.5276017,253,344.7
613,-0.00886216,51.52756515,206,131.67
614,-0.008809126,51.52752974,241,300.75
615,-0.008762624,51.52749115,236,297.68
616,-0.008736929,51.527449,253,374.48
617,-0.008703493,51.52740455,242,314.05
618,-0.008658902,51.52735819,253,379.52
619,-0.008610416,51.52732159,239,269.3
620,-0.008570052,51.52728162,234,273.16
621,-0.008589936,51.52723345,257,361.81
622,-0.008607516,51.52718686,250,356.47
623,-0.00861449,51.52713868,260,395.4
624,-0.008677693,51.52710784,229,258.12
625,-0.008746774,51.52707907,241,279.41
626,-0.008742007,51.52703264,252,344.41
627,-0.008703168,51.52698967,247,345.8
628,-0.008659594,51.52695053,250,347.91
629,-0.008629403,51.52690932,242,282.51
630,-0.008589927,51.5268639,236,269.89
631,-0.008553906,51.52681677,231,227.06
632,-0.008511779,51.52677072,255,380.13
633,-0.008491366,51.52671602,260,399.89
634,-0.008410361,51.52670549,235,259.65
635,-0.008317969,51.52669855,245,317.37
636,-0.008257163,51.52667046,238,282.38
637,-0.008206927,51.52663335,239,296.28
638,-0.008155438,51.5265931,256,390.77
639,-0.008104577,51.52655622,250,325.82
640,-0.008065216,51.52651819,254,362.43
641,-0.008007707,51.52648578,255,375.68
642,-0.007958205,51.52644042,249,332.19
643,-0.007906856,51.52639662,248,336.4
644,-0.007870554,51.52635138,247,349.27
645,-0.007914189,51.5263153,185,8.59
646,-0.007983379,51.52628794,256,371.98
647,-0.008050889,51.5262616,248,356.19
648,-0.008117116,51.52623148,240,274.67
649,-0.008185767,51.5261974,250,356.94
650,-0.008253637,51.52617329,237,288.39
651,-0.008326707,51.5261517,236,281.01
652,-0.008390251,51.52612645,256,396.47
653,-0.008456235,51.52610671,253,377.82
654,-0.008530034,51.52608491,254,372.78
655,-0.008596492,51.5260562,235,259.96
656,-0.008663172,51.52602865,256,368.76
657,-0.00873081,51.5260077,237,269.45
658,-0.008800768,51.52598842,250,333.34
659,-0.008878511,51.52596867,251,372.61
660,-0.008955138,51.52595373,233,259.77
661,-0.008965327,51.526002,253,382.19
662,-0.008993075,51.52604564,256,377.18
663,-0.009014405,51.52609091,236,276.2
664,-0.009024559,51.5261366,245,339.04
665,-0.009020816,51.52618976,236,274.68
666,-0.009009235,51.52623528,246,325.93
667,-0.008989935,51.52628371,236,271.83
668,-0.008974422,51.52632866,255,359.85
669,-0.008959246,51.52638005,256,372.34
670,-0.008943973,51.52643003,257,385.06
671,-0.008932552,51.52648758,239,272.92
672,-0.008910676,51.52656556,236,260.1
673,-0.008897893,51.52661063,237,272.65
674,-0.008899692,51.52665561,241,318.46
675,-0.008881545,51.52670598,239,265.7
676,-0.00886225,51.52676103,252,333.58
677,-0.008850951,51.52680847,209,135.97
678,-0.008874527,51.5268527,236,297.63
679,-0.008962673,51.52685657,192,15
680,-0.00904506,51.52686326,246,348.85
681,-0.00912888,51.52687764,243,324.62
682,-0.009192725,51.5268988,234,269.43
683,-0.009269214,51.52688496,226,223.9
684,-0.009338667,51.5268591,248,351.93
685,-0.009430266,51.52685458,234,262.33
686,-0.009514625,51.52685092,250,334.52
687,-0.009600621,51.52686291,244,301.82
688,-0.009693447,51.5268691,252,377.88
689,-0.009766938,51.52688273,254,369.72
690,-0.009853019,51.52688952,188,9.28
691,-0.009936416,51.52689841,256,372.49
692,-0.010015839,51.52690459,247,321.56
693,-0.010097165,51.52689621,241,322.91
694,-0.010165578,51.52692981,243,293.61
695,-0.010239555,51.52695963,238,261.88
696,-0.01032713,51.52696495,253,377.06
697,-0.010407683,51.52696826,254,384.94
698,-0.01048439,51.52694418,258,368.73
699,-0.010509655,51.52689936,253,369.08
700,-0.01052638,51.52684684,241,323.45
701,-0.010534496,51.52679864,239,275.28
702,-0.010544803,51.52675215,235,272.84
703,-0.010550908,51.52670132,232,275.24
704,-0.010556597,51.52665534,238,295.91
705,-0.010573803,51.52660334,247,322.09
706,-0.010582698,51.52655697,250,355.51
707,-0.010603769,51.52650834,248,345.53
708,-0.010653574,51.52646619,233,262.69
709,-0.010680463,51.52641798,241,318.8
710,-0.010663842,51.52637117,251,351.99
711,-0.010617021,51.52632052,255,347.44
712,-0.010581035,51.5262806,248,343.39
713,-0.010546703,51.52623773,245,327.38
714,-0.010498619,51.52618781,236,258.15
715,-0.01046297,51.5261397,245,336.8
716,-0.010436712,51.52608822,256,354.67
717,-0.010420242,51.5260433,239,268.76
718,-0.010400769,51.52599204,238,284.12
719,-0.010318809,51.52598338,245,326.3
720,-0.010237699,51.52600254,253,374.53
721,-0.010156082,51.52602363,254,374.13
722,-0.01008324,51.52604987,243,320.58
723,-0.010014864,51.52606853,240,282.55
724,-0.009940932,51.52608896,254,359.12
725,-0.009867521,51.52609088,254,383.58
726,-0.009793315,51.52608517,246,336.28
727,-0.009706699,51.5260851,255,380.91
728,-0.00979034,51.52605748,232,266.54
729,-0.009870917,51.52602658,230,259.84
730,-0.009935462,51.52599752,238,282.02
731,-0.009999294,51.52596479,252,358.39
732,-0.010070469,51.52593551,250,342.61
733,-0.010151703,51.5259232,242,283.76
734,-0.010223314,51.52589879,239,300.32
735,-0.010290699,51.52587876,235,288.66
736,-0.010353236,51.52585203,185,7.19
737,-0.010426501,51.52583193,230,257.62
738,-0.010495666,51.5258174,257,382.84
739,-0.010504387,51.52576798,253,380.56
740,-0.010488454,51.52571455,234,256.63
741,-0.010481926,51.52566702,235,284.5
742,-0.010477768,51.52561798,232,257.28
743,-0.01048432,51.52556458,255,360.87
744,-0.010493735,51.52551945,241,287.97
745,-0.010575741,51.52550817,253,384.37
746,-0.010645004,51.52548793,251,328.4
747,-0.01055927,51.52547908,187,25.44
748,-0.010461946,51.52549693,260,396.91
749,-0.01039366,51.52551364,248,361.05
750,-0.010315476,51.52553179,241,280.62
751,-0.010244005,51.52554751,247,310.37
752,-0.01011002,51.52556637,252,352.04
753,-0.010014192,51.52559059,242,313.86
754,-0.009931691,51.52561686,233,260.34
755,-0.009854059,51.52563541,250,333.26
756,-0.009786704,51.52565372,235,258.9
757,-0.009695252,51.52564883,243,330.05
758,-0.009630179,51.52561814,242,281.66
759,-0.009584004,51.52557974,260,374.88
760,-0.009557478,51.52553493,231,266.3
761,-0.009542142,51.52548817,258,382.87
762,-0.009539037,51.52543685,235,288.85
763,-0.009511378,51.52537948,250,367.64
764,-0.00955922,51.52543746,230,259.78
765,-0.009601633,51.52547457,257,398.26
766,-0.009650234,51.52552407,244,292.58
767,-0.009696064,51.52556168,235,262.5
768,-0.009772053,51.52556701,251,362.16
769,-0.009853731,51.52555759,242,285.15
770,-0.009940816,51.52555169,242,278.44
771,-0.010012529,51.52552662,246,299.38
772,-0.010066473,51.52548575,241,267.67
773,-0.010143356,51.52546338,260,376.97
774,-0.010215125,51.52543199,249,294.71
775,-0.010268935,51.52539738,249,332.72
776,-0.010336734,51.52535951,257,342.38
777,-0.010394579,51.52533152,191,5.83
778,-0.01047716,51.52532724,251,299.02
779,-0.010567509,51.52531697,244,258.04
780,-0.010636455,51.52529304,254,325.78
781,-0.010720678,51.52528887,255,318.42
782,-0.010811482,51.52530733,256,354.74
783,-0.010893447,51.52531077,246,270.35
784,-0.010976068,51.52529462,249,333.09
785,-0.01102476,51.52525572,260,383.76
786,-0.011082163,51.52522363,260,398.35
787,-0.011134783,51.52518813,251,314.33
788,-0.011140356,51.52513667,195,10.45
789,-0.011146469,51.52508448,235,259.29
790,-0.011133253,51.52503185,258,383.21
791,-0.011110271,51.52497599,260,379.98
792,-0.011091436,51.52492802,249,297.16
793,-0.011069481,51.52487991,250,313.77
794,-0.011054958,51.52482362,237,266.75
795,-0.011033515,51.52477128,192,6.79
796,-0.011011714,51.52472151,249,305.72
797,-0.010991049,51.52467618,191,3.68
798,-0.010968972,51.52462986,248,292.49
799,-0.010939624,51.52457044,259,339.53
800,-0.010902455,51.5245316,254,346.67
801,-0.010868312,51.52448824,255,342.53
802,-0.010809372,51.52444277,248,325.16
803,-0.010767384,51.52439034,243,269.56
804,-0.01074364,51.52434371,247,297.48
805,-0.010639146,51.52435651,251,331.68
806,-0.010570394,51.52437903,250,305.75
807,-0.01049475,51.5243925,251,291.55
808,-0.010423272,51.52440403,260,398.86
809,-0.010349761,51.52441469,260,383.13
810,-0.010264197,51.52442961,239,267.52
811,-0.010185023,51.52445037,251,326.24
812,-0.010106447,51.52446563,243,258.43
813,-0.010036077,51.52445259,245,301.39
814,-0.010003338,51.52440874,248,328.17
815,-0.009949878,51.52437468,254,357.46
816,-0.009882609,51.52435217,257,328.94
817,-0.009808823,51.52433106,245,309.29
818,-0.009741273,51.52430949,260,392.9
819,-0.009675206,51.52428786,260,387.52
820,-0.009632572,51.52424935,238,272.35
821,-0.009654998,51.52420524,257,373.73
822,-0.009679838,51.5241498,257,334.65
823,-0.009658005,51.52410269,244,274.16
824,-0.00963153,51.52405792,238,266.77
825,-0.009608775,51.52401284,239,263.33
826,-0.009576344,51.52396088,260,372.44
827,-0.009551264,51.52390765,195,2.79
828,-0.009494762,51.52386607,253,339.57
829,-0.009433062,51.5238421,248,289.93
830,-0.009357371,51.52384243,258,362.75
831,-0.009275968,51.52385445,254,322.44
832,-0.009199186,51.52386988,248,291.25
833,-0.009123724,51.52388201,252,322.45
834,-0.009049528,51.52389291,256,324.03
835,-0.008967819,51.52391091,249,310.32
836,-0.008885477,51.52393258,254,324.87
837,-0.008798896,51.52394667,243,274.92
838,-0.008722895,51.52396,260,398.91
839,-0.008633573,51.52397423,257,330.47
840,-0.008550841,51.52398525,255,341.5
841,-0.008472181,51.52398594,255,315.67
842,-0.008395189,51.52398,245,281.6
843,-0.008310449,51.52397043,258,370.83
844,-0.00822495,51.52397305,250,326.76
845,-0.008142623,51.52397467,243,288.12
846,-0.008065645,51.52397148,240,275.17
847,-0.007983379,51.52397627,255,343.36
848,-0.007907335,51.5239785,248,325.24
849,-0.007829464,51.52396829,255,322.79
850,-0.007754739,51.52396754,260,385.57
851,-0.00767477,51.52396464,260,355.63
852,-0.007599616,51.52396304,246,270.91
853,-0.007523226,51.52396422,244,293.2
854,-0.0074446,51.52396853,260,378.37
855,-0.007358425,51.52397067,239,263.81
856,-0.007267079,51.52397067,255,363.66
857,-0.007194025,51.523972,191,10.87
858,-0.007120163,51.52396652,243,276.9
859,-0.007028028,51.52396566,247,318.69
860,-0.006947135,51.52396424,254,355.22
861,-0.006862942,51.52396287,259,390.37
862,-0.006777171,51.52396051,260,396.08
863,-0.006694593,51.52395679,260,370.66
864,-0.006617149,51.52395413,246,309.31
865,-0.00653773,51.5239527,250,341.1
866,-0.006451967,51.52395253,260,388.24
867,-0.006375282,51.52395705,251,296.81
868,-0.006302256,51.52395805,239,269.44
869,-0.00621409,51.5239574,251,327.41
870,-0.006127491,51.52395951,260,376.31
871,-0.006039899,51.52395902,260,392.41
872,-0.005981379,51.52392522,251,336.33
873,-0.00595953,51.52387196,249,320.66
874,-0.005893304,51.52384607,251,340.01
875,-0.005812427,51.52382891,260,363.54
876,-0.005739361,51.52381757,260,373.36
877,-0.005665724,51.52378807,250,334.18
878,-0.005622904,51.52374779,246,303.31
879,-0.005585107,51.52369843,247,300.08
880,-0.005551387,51.52364981,260,373.25
881,-0.005527195,51.52360113,242,262.37
882,-0.005503203,51.52354537,260,383.13
883,-0.005483845,51.52349074,260,396.93
884,-0.005465168,51.5234419,255,359.03
885,-0.005452322,51.52339718,239,269.61
886,-0.005459468,51.5233484,256,351.43
887,-0.005460495,51.52330261,258,347.56
888,-0.005442056,51.52325872,192,14.82
889,-0.005401243,51.52321099,260,384.12
890,-0.005366414,51.52316586,246,320.98
891,-0.005341254,51.52311309,236,259.63
892,-0.005319837,51.52306628,246,288.62
893,-0.005296228,51.5230169,240,280.32
894,-0.005270954,51.52296776,251,331.89
895,-0.00524482,51.52291819,260,363.81
896,-0.00521705,51.5228694,252,331.72
897,-0.005172843,51.52282259,259,374.8
898,-0.005128206,51.52278083,250,292.58
899,-0.005092689,51.52273885,260,357.89
900,-0.005059607,51.5226911,257,367.39
901,-0.005035102,51.52264403,241,273.47
902,-0.004998827,51.52259842,260,347.84
903,-0.004963899,51.52255068,236,263.46
904,-0.004926701,51.52250167,240,285.46
905,-0.004891793,51.52245768,243,264.59
906,-0.004840549,51.52240059,244,304.96
907,-0.004800238,51.52235527,260,381.34
908,-0.004765181,51.52231567,252,303.58
909,-0.004743324,51.52226098,222,168.17
910,-0.004713818,51.52221375,250,318.35
911,-0.004695268,51.52215903,249,332.35
912,-0.004682185,51.52210803,253,349.73
913,-0.004690191,51.52206135,253,346.97
914,-0.004718705,51.52201643,255,362.26
915,-0.004754854,51.52197662,248,312.09
916,-0.004786931,51.5219346,256,356.82
917,-0.004820056,51.52188802,245,279.29
918,-0.00483502,51.52184027,253,350.92
919,-0.004880866,51.52180058,253,311.5
920,-0.004913542,51.52175736,254,357.56
921,-0.004960915,51.5217071,257,380.36
922,-0.004989788,51.52166522,249,308.6
923,-0.005025906,51.52161432,244,305.5
924,-0.005057511,51.52156904,256,353.15
925,-0.005085027,51.52152167,260,392.88
926,-0.005111482,51.52147768,252,318.38
927,-0.005140937,51.52142826,253,348.75
928,-0.005178342,51.52138425,250,316.86
929,-0.005206741,51.52133843,243,286.03
930,-0.00524033,51.52129496,257,351.48
931,-0.005275834,51.52124896,256,342.46
932,-0.005306984,51.52120822,244,284.79
933,-0.005338858,51.52115776,251,325.38
934,-0.005369836,51.5211106,245,311.62
935,-0.005402391,51.52106544,260,390.6
936,-0.005435882,51.52102075,260,393.74
937,-0.005475749,51.52097821,245,288.8
938,-0.005523054,51.5209358,250,298.4
939,-0.005572549,51.5208965,258,331
940,-0.005638245,51.5208684,260,388.95
941,-0.005701599,51.52084476,247,279.01
942,-0.005746339,51.52080935,246,300.55
943,-0.005757387,51.52076155,248,285.41
944,-0.005736254,51.52071484,242,259.57
945,-0.005713544,51.52066776,238,270.53
946,-0.005699433,51.52061919,247,307.28
947,-0.005740485,51.52057673,247,314.72
948,-0.00581308,51.52055214,238,269.27
949,-0.00585893,51.52051364,241,279.96
950,-0.005871048,51.52045591,257,353.57
951,-0.005894995,51.52041059,260,399.15
952,-0.00592994,51.52036866,260,387.1
953,-0.005996144,51.52033262,257,363.53
954,-0.006067128,51.52030253,192,12.21
955,-0.006137657,51.52027943,259,387.25
956,-0.006207616,51.52025599,259,382.04
957,-0.00627741,51.52022899,243,301.5
958,-0.00634818,51.52020663,255,350.35
959,-0.006418974,51.52018843,258,357.85
960,-0.00648617,51.52016839,236,218.65
961,-0.006558967,51.5201494,248,276.22
962,-0.006626726,51.52012674,248,324.84
963,-0.006699889,51.5201053,253,347.67
964,-0.006772535,51.52008967,260,369.95
965,-0.006847781,51.52006856,249,319.11
966,-0.006913815,51.52004674,243,280.35
967,-0.006979485,51.52002435,260,362.85
968,-0.007045523,51.52000091,249,303.93
969,-0.007115405,51.51998392,256,341.74
970,-0.007195578,51.51996191,247,274.97
971,-0.007263471,51.51993187,254,330.62
972,-0.007323605,51.51990551,260,396.73
973,-0.007387566,51.51988135,260,377.63
974,-0.007464671,51.51984901,238,275.55
975,-0.007539255,51.51982403,248,293.58
976,-0.007605972,51.51979361,251,334.57
977,-0.007645342,51.51974104,249,318.35
978,-0.007636628,51.51968769,191,7.01
979,-0.007621461,51.51964258,249,297.52
980,-0.007572129,51.51960937,260,371.01
981,-0.007518489,51.51957818,260,380.55
982,-0.007449078,51.51955299,260,392.33
983,-0.007384438,51.51952637,245,280.88
984,-0.007325259,51.51949906,244,280.36
985,-0.007264412,51.5194676,256,334.12
986,-0.007204077,51.51944285,242,266.12
987,-0.00714746,51.5194112,244,264.92
988,-0.00708716,51.51937379,250,305.85
989,-0.007019076,51.51933968,240,278.23
990,-0.006959031,51.51930447,250,303.77
991,-0.006898808,51.51927141,241,271.71
992,-0.006839986,51.51923901,260,360.63
993,-0.006776649,51.51919907,257,356.66
994,-0.006719493,51.51916717,251,348.13
995,-0.006668514,51.5191308,260,384.32
996,-0.006617044,51.51909169,256,334.51
997,-0.006557035,51.51905185,260,382.37
998,-0.006501738,51.51901332,242,276.86
999,-0.006443214,51.51897229,244,288.27
1000,-0.006398088,51.51892962,257,348.48
1001,-0.006341079,51.51888456,255,313.33
1002,-0.006301211,51.51884465,245,290.93
1003,-0.006260579,51.51880574,260,369.82
1004,-0.006212041,51.51876453,260,363.28
1005,-0.006171293,51.51871891,240,261.93
1006,-0.006125077,51.51867748,246,273.3
1007,-0.006086037,51.5186363,251,312.4
1008,-0.006048962,51.51859297,236,264.07
1009,-0.006009284,51.51854832,260,383.28
1010,-0.005966774,51.51850125,258,378.79
1011,-0.005930276,51.51845576,247,287.04
1012,-0.005894631,51.51841603,254,360.24
1013,-0.005859573,51.51836863,260,396.69
1014,-0.005817909,51.51831824,260,398.81
1015,-0.005777119,51.51827275,248,287.54
1016,-0.005731808,51.51823037,248,307.51
1017,-0.005693488,51.51818675,245,308.51
1018,-0.005656767,51.51814155,255,343
1019,-0.005623981,51.51809553,260,358.52
1020,-0.005587122,51.51805105,258,366.55
1021,-0.00554088,51.51801045,243,263.09
1022,-0.005500245,51.51797061,243,285.24
1023,-0.005458943,51.51793015,255,369.36
1024,-0.005426177,51.51788821,249,333.63
1025,-0.005402769,51.51784335,251,311.01
1026,-0.00534696,51.51781129,260,373.99
1027,-0.005287984,51.51777778,251,298.23
1028,-0.005224233,51.51774997,260,374.93
1029,-0.005149924,51.5177322,191,7.58
1030,-0.005071914,51.5177247,247,293.37
1031,-0.004993195,51.51772216,245,267.38
1032,-0.004914642,51.5177239,252,318.3
1033,-0.004837685,51.51773511,260,345.79
1034,-0.004768064,51.51775274,240,267.36
1035,-0.004702237,51.51778283,258,337.27
1036,-0.004634794,51.51781271,228,199.85
1037,-0.004575001,51.51784444,248,279.4
1038,-0.004521233,51.51787562,249,286.83
1039,-0.004454205,51.51790129,247,307.05
1040,-0.004388406,51.51792922,256,371.19
1041,-0.004320663,51.51795452,260,370.95
1042,-0.004242188,51.51796545,250,332.2
1043,-0.004168927,51.51797074,249,299.99
1044,-0.004090089,51.51799107,253,354.38
1045,-0.004023597,51.51800881,247,285.91
1046,-0.003960183,51.51803132,249,301.19
1047,-0.003893377,51.51805255,241,265.96
1048,-0.003819483,51.51807266,249,291.31
1049,-0.003744055,51.51808167,252,353.66
1050,-0.003670759,51.51810852,246,270.15
1051,-0.003596813,51.51811784,260,378.68
1052,-0.003517973,51.51813679,252,304.93
1053,-0.003434096,51.51815021,256,323.32
1054,-0.003359051,51.51815472,253,343.36
1055,-0.003277813,51.51817046,246,291.07
1056,-0.003205185,51.5181861,248,306.7
1057,-0.00312588,51.51819712,240,265.99
1058,-0.003049472,51.51820984,260,373.95
1059,-0.002975861,51.51821647,260,376.97
1060,-0.002904722,51.5182265,257,340.27
1061,-0.002830015,51.51822945,240,280.22
1062,-0.00274616,51.51822964,260,368.72
1063,-0.002657792,51.51822692,246,292.88
1064,-0.002585119,51.51822561,238,267.5
1065,-0.002602575,51.51827027,237,262.35
1066,-0.002606158,51.5183197,260,399.93
1067,-0.00260125,51.51836914,249,297.7
1068,-0.00262603,51.51842589,240,271.41
1069,-0.002682828,51.51845563,260,376.7
1070,-0.002729375,51.51850055,260,346.96
